user_id,full_name,email,phone,password,created_at
1,Christian Castro,danielle76@example.org,439.774.7750x344,M86WGbI0D@,2025-01-24T07:56:13
2,Manuel Jones,veronicahunt@example.org,887-793-9585x2532,cayKQ9Pf%v,2025-04-13T07:35:08
3,Bill Torres Jr.,debracox@example.net,+1-585-786-9521x8301,C^e17Ru$HE,2025-01-10T11:46:01
4,Bryan Evans,rebecca88@example.net,+1-213-998-0111,3hOrU9Am!6,2025-01-08T04:36:43
5,Jessica Torres,jonathansmith@example.org,(229)987-6288,hne_6Vd7YN,2025-03-05T16:25:57
6,John Welch,newmansarah@example.net,8348486558,M8@f68GpE$,2025-05-26T22:55:12
7,Daniel Harris,marynavarro@example.org,454-395-0727,5+fa8Kpnyr,2025-03-07T22:12:05
8,Kathy Hutchinson,toddkerr@example.com,+1-794-695-4085x28958,_1H4(8*HmK,2025-04-08T03:08:30
9,Kevin Price,hunterlloyd@example.org,938-731-7377x324,n!0O#4uQw(,2025-04-10T06:01:10
10,Donna Burns,sharonhenderson@example.net,381-642-5233x3296,)7CwxS#tFk,2025-05-04T03:38:26
